	CIAS	add_date	analysis_level	brain_coverage	cognitive_contrast_cogatlas	cognitive_contrast_cogatlas_id	cognitive_paradigm_cogatlas	cognitive_paradigm_cogatlas_id	collection	collection_id	contrast_definition	contrast_definition_cogatlas	description	figure	file	file_size	collection_id	image_type	is_thresholded	map_type	modality	modify_date	name	not_mni	perc_bad_voxels	perc_voxels_outside	reduced_representation	smoothness_fwhm	statistic_parameters	thumbnail	type	url	image_id
2		2014-03-27T21:44:20.625647Z	group	82.5116091788	high-value go choice at probe	cnt_553e7a5b2584d	cue approach task	trm_553e77e53497d	35	35	parametric number of high value go choice at probe		Parametric effect of the number of times each high-value Go item was chosen during probe.	3A	http://neurovault.org/media/images/35/Fig3A_zstat1_2.nii.gz	740889	111	statistic_map	False	Z map	fMRI-BOLD	2015-12-23T10:58:06.938807Z	Fig3A_zstat1.nii.gz	False	78.4232503055	3.20038201255	http://neurovault.org/media/images/35/transform_4mm_111.npy			http://neurovault.org/media/images/35/glass_brain_111.jpg		http://neurovault.org/images/111/	111
242		2015-09-15T07:45:18.708073Z		78.4124048652	Other	Other	Two item food choice task	trm_55c691909c580	724	724	Choice periods SC vs baseline				http://neurovault.org/media/images/724/spmT_0001.nii.gz	87092	11979	statistic_map	False	T map	fMRI-BOLD	2015-12-23T16:22:30.590571Z	Choice periods SC vs baseline	False	65.8685661765	1.04573403348	http://neurovault.org/media/images/724/transform_4mm_11979.npy			http://neurovault.org/media/images/724/glass_brain_11979.jpg		http://neurovault.org/images/11979/	11979
243		2015-09-15T07:48:24.490975Z		78.4124048652	Other	Other	Two item food choice task	trm_55c691909c580	724	724	Choice periods SC vs NSC				http://neurovault.org/media/images/724/spmT_0001_2.nii.gz	88502	11981	statistic_map	False	T map	fMRI-BOLD	2015-12-23T16:22:30.782319Z	Choice periods SC vs NSC	False	65.8685661765	1.04573403348	http://neurovault.org/media/images/724/transform_4mm_11981.npy			http://neurovault.org/media/images/724/glass_brain_11981.jpg		http://neurovault.org/images/11981/	11981
244		2015-09-15T07:46:41.277682Z		78.4124048652	Other	Other	Two item food choice task	trm_55c691909c580	724	724	Choice periods NSC vs baseline				http://neurovault.org/media/images/724/spmT_0001_1.nii.gz	87466	11980	statistic_map	False	T map	fMRI-BOLD	2015-12-23T16:22:31.596983Z	Choice periods NSC vs baseline	False	65.8685661765	1.04573403348	http://neurovault.org/media/images/724/transform_4mm_11980.npy			http://neurovault.org/media/images/724/glass_brain_11980.jpg		http://neurovault.org/images/11980/	11980
252		2015-04-16T11:45:08.193660Z	group	87.907634266	target 1-back minus 0-back	cnt_55ef43b5be6da	object one-back task	trm_4ebd47b8bab6b	518	518			one sample t-test contrast of targets in 1-back vs 0-back conditions	figure 4	http://neurovault.org/media/images/518/targ_1b_vs_0b.nii.gz	1888017	8625	statistic_map	False	T map	fMRI-BOLD	2015-12-23T11:03:34.154426Z	targ_1back_VS_0back	False	76.3864165228	4.83964959326	http://neurovault.org/media/images/518/transform_4mm_8625.npy			http://neurovault.org/media/images/518/glass_brain_8625.jpg		http://neurovault.org/images/8625/	8625
284		2015-09-25T20:47:16.076169Z		76.1821754096	number of correct identifications	cnt_4de96cd8c9aad	episodic recall	trm_4c898c8bf1b4f	857	857	Activation vs Rest				http://neurovault.org/media/images/857/zstat1.nii.gz	207192	12485	statistic_map	False	Z map	fMRI-BOLD	2015-12-23T10:27:10.424459Z	Antonyms	False	79.5127314815	2.88684255127	http://neurovault.org/media/images/857/transform_4mm_12485.npy	5.0		http://neurovault.org/media/images/857/glass_brain_12485.jpg		http://neurovault.org/images/12485/	12485
285		2015-09-25T21:05:27.377829Z		75.591272362	proportion of correct responses	cnt_5021ae2c2ab3c	logical reasoning task	trm_4f24154867d84	857	857					http://neurovault.org/media/images/857/zstat1_6.nii.gz	204340	12491	statistic_map	False	Z map	fMRI-BOLD	2015-12-23T08:33:29.786890Z	PaperFolding	False	79.7114197531	2.69643264623	http://neurovault.org/media/images/857/transform_4mm_12491.npy	5.0		http://neurovault.org/media/images/857/glass_brain_12491.jpg		http://neurovault.org/images/12491/	12491
286		2015-09-25T20:53:20.952409Z		74.9457107825	Other	Other	episodic recall	trm_4c898c8bf1b4f	857	857	Activation vs Rest				http://neurovault.org/media/images/857/zstat1_2.nii.gz	203646	12487	statistic_map	False	Z map	fMRI-BOLD	2015-12-23T07:20:17.284486Z	PictureNaming.gfeat/	False	79.9278549383	2.48717012321	http://neurovault.org/media/images/857/transform_4mm_12487.npy	5.0		http://neurovault.org/media/images/857/glass_brain_12487.jpg		http://neurovault.org/images/12487/	12487
287		2015-09-25T21:01:07.793575Z		76.34319649	number correct	cnt_50eb1b6d46337	pattern comparison task	trm_4da86cb034ff6	857	857	Activation vs Rest				http://neurovault.org/media/images/857/zstat1_5.nii.gz	206985	12490	statistic_map	False	Z map	fMRI-BOLD	2016-01-01T05:22:59.135114Z	PatternComparison	False	79.5015432099	2.73469848679	http://neurovault.org/media/images/857/transform_4mm_12490.npy	5.0		http://neurovault.org/media/images/857/glass_brain_12490.jpg		http://neurovault.org/images/12490/	12490
289		2015-09-25T21:06:25.931268Z		74.4301478735	proportion of correct responses	cnt_5021ae2c2ab3c	logical reasoning task	trm_4f24154867d84	857	857					http://neurovault.org/media/images/857/zstat1_7.nii.gz	200296	12492	statistic_map	False	Z map	fMRI-BOLD	2015-12-23T04:57:56.439763Z	MatrixReasoning	False	80.1122685185	2.25998564473	http://neurovault.org/media/images/857/transform_4mm_12492.npy	5.0		http://neurovault.org/media/images/857/glass_brain_12492.jpg		http://neurovault.org/images/12492/	12492
290		2015-09-25T21:07:46.136212Z		74.6118505606	proportion of correct responses	cnt_5021ae2c2ab3c	logical reasoning task	trm_4f24154867d84	857	857					http://neurovault.org/media/images/857/zstat1_8.nii.gz	201023	12493	statistic_map	False	Z map	fMRI-BOLD	2015-12-23T08:06:58.452131Z	LetterSet	False	80.0679012346	2.23947042428	http://neurovault.org/media/images/857/transform_4mm_12493.npy	5.0		http://neurovault.org/media/images/857/glass_brain_12493.jpg		http://neurovault.org/images/12493/	12493
291		2015-09-25T21:09:50.163192Z		76.1910389553	remembered minus forgotten	cnt_553ec692268ca	semantic memory task	trm_4f241c0737cc0	857	857	Activation vs Rest				http://neurovault.org/media/images/857/zstat1_9.nii.gz	205519	12494	statistic_map	False	Z map	fMRI-BOLD	2015-12-23T11:03:16.915388Z	LogicalMemory	False	79.5582561728	2.65924318203	http://neurovault.org/media/images/857/transform_4mm_12494.npy	5.0		http://neurovault.org/media/images/857/glass_brain_12494.jpg		http://neurovault.org/images/12494/	12494
293		2015-09-25T20:51:15.079672Z		76.8779637481	Other	Other	episodic recall	trm_4c898c8bf1b4f	857	857	Activation vs Rest				http://neurovault.org/media/images/857/zstat1_1.nii.gz	208605	12486	statistic_map	False	Z map	fMRI-BOLD	2015-12-23T10:57:29.364371Z	Synonyms	False	79.3398919753	2.81974192826	http://neurovault.org/media/images/857/transform_4mm_12486.npy	5.0		http://neurovault.org/media/images/857/glass_brain_12486.jpg		http://neurovault.org/images/12486/	12486
294		2015-09-25T20:57:21.672620Z		76.34319649	number correct	cnt_50eb1b6d46337	pattern comparison task	trm_4da86cb034ff6	857	857	number correct				http://neurovault.org/media/images/857/zstat1_4.nii.gz	207013	12489	statistic_map	False	Z map	fMRI-BOLD	2016-01-01T05:36:21.758506Z	LetterComparison	False	79.4849537037	2.73469848679	http://neurovault.org/media/images/857/transform_4mm_12489.npy	5.0		http://neurovault.org/media/images/857/glass_brain_12489.jpg		http://neurovault.org/images/12489/	12489
302		2014-06-04T15:08:16.314488Z	group	95.5064490575	probabilistic classification trials	cnt_4cacf26718047	Probabilistic classification task	trm_4cacf22a22d80	40	40	task		FSL5.0		http://neurovault.org/media/images/40/task001_cope01_task.nii.gz	878402	141	statistic_map	False	T map	fMRI-BOLD	2015-12-23T19:43:19.476251Z	task001_001_task.nii.gz	False	74.7205108633	12.9680813302	http://neurovault.org/media/images/40/transform_4mm_141.npy			http://neurovault.org/media/images/40/glass_brain_141_1.jpg		http://neurovault.org/images/141/	141
303		2014-06-04T15:08:16.192523Z	group	95.6022986393	deterministic classification trials	cnt_4ebca72d737c1	deterministic classification	trm_4e8dd3831f0cc	40	40	task		FSL5.0		http://neurovault.org/media/images/40/task002_cope01_task.nii.gz	878329	135	statistic_map	False	T map	fMRI-BOLD	2015-12-23T09:15:11.189156Z	task002_001_task.nii.gz	False	74.7239452754	13.021924201	http://neurovault.org/media/images/40/transform_4mm_135.npy			http://neurovault.org/media/images/40/glass_brain_135.jpg		http://neurovault.org/images/135/	135
304		2014-06-04T15:08:16.254662Z	group	95.6022986393	feedback	cnt_55399dc274d97	deterministic classification	trm_4e8dd3831f0cc	40	40	feedback		FSL5.0		http://neurovault.org/media/images/40/task002_cope02_feedback.nii.gz	874675	138	statistic_map	False	T map	fMRI-BOLD	2015-12-23T11:00:44.530910Z	task002_002_feedback.nii.gz	False	74.7239452754	13.021924201	http://neurovault.org/media/images/40/transform_4mm_138.npy			http://neurovault.org/media/images/40/glass_brain_138.jpg		http://neurovault.org/images/138/	138
305		2014-06-04T15:08:16.296345Z	group	95.5725371253	classification trials: probabilistic	cnt_4ebcaad4c41d7	classification probe without feedback	trm_4ebc9d2e397f2	40	40	classification-probabilistic		FSL5.0		http://neurovault.org/media/images/40/task003_cope01_classification-probabilistic.nii.gz	877294	140	statistic_map	False	T map	fMRI-BOLD	2015-12-23T11:00:51.822469Z	task003_001_task.nii.gz	False	74.747432223	12.8814505994	http://neurovault.org/media/images/40/transform_4mm_140.npy			http://neurovault.org/media/images/40/glass_brain_140.jpg		http://neurovault.org/images/140/	140
306		2014-06-04T15:08:16.212524Z	group	95.5064490575	feedback	cnt_55399e161c884	Probabilistic classification task	trm_4cacf22a22d80	40	40	feedback		FSL5.0		http://neurovault.org/media/images/40/task001_cope02_feedback.nii.gz	874740	136	statistic_map	False	T map	fMRI-BOLD	2015-12-23T11:00:51.989575Z	task001_002_feedback.nii.gz	False	74.7205108633	12.9680813302	http://neurovault.org/media/images/40/transform_4mm_136.npy			http://neurovault.org/media/images/40/glass_brain_136.jpg		http://neurovault.org/images/136/	136
307		2014-06-04T15:08:16.277337Z	group	95.5725371253	classification trials: deterministic	cnt_54f8cbcb6fab6	classification probe without feedback	trm_4ebc9d2e397f2	40	40	classification-deterministic		FSL5.0		http://neurovault.org/media/images/40/task003_cope02_classification-deterministic.nii.gz	877829	139	statistic_map	False	T map	fMRI-BOLD	2015-12-23T11:00:43.904094Z	task003_002_classification_deterministic.nii.gz	False	74.747432223	12.8814505994	http://neurovault.org/media/images/40/transform_4mm_139.npy			http://neurovault.org/media/images/40/glass_brain_139.jpg		http://neurovault.org/images/139/	139
310		2014-06-04T15:34:49.337475Z	group	100.0	congruent correct	cnt_4decfedb91973	Eriksen flanker task	tsk_4a57abb949a4f	45	45	congruent correct		FSL5.0		http://neurovault.org/media/images/45/task001_cope01_congruent_correct.nii.gz	870247	183	statistic_map	False	T map	fMRI-BOLD	2015-12-23T07:30:43.622254Z	task001_001_congruent_correct.nii.gz	False	74.6869422542	0.0	http://neurovault.org/media/images/45/transform_4mm_183.npy			http://neurovault.org/media/images/45/glass_brain_183.jpg		http://neurovault.org/images/183/	183
311		2014-06-04T15:34:49.218913Z	group	100.0	incorrect minus correct	cnt_553a694a86e65	Eriksen flanker task	tsk_4a57abb949a4f	45	45	incorrect minus correct		FSL5.0		http://neurovault.org/media/images/45/task001_cope08_incorrect_vs_correct.nii.gz	866309	177	statistic_map	False	T map	fMRI-BOLD	2015-12-23T10:04:26.502796Z	task001_008_incorrect_vs_correct.nii.gz	False	74.6869422542	0.0	http://neurovault.org/media/images/45/transform_4mm_177.npy			http://neurovault.org/media/images/45/glass_brain_177.jpg		http://neurovault.org/images/177/	177
313		2014-06-04T15:34:49.240212Z	group	100.0	incongruent minus congruent correct	cnt_5358f019cdf06	Eriksen flanker task	tsk_4a57abb949a4f	45	45	incongruent minus congruent correct		FSL5.0		http://neurovault.org/media/images/45/task001_cope09_incongruent_vs_congruent_correct.nii.gz	869300	178	statistic_map	False	T map	fMRI-BOLD	2015-12-23T11:03:33.364574Z	task001_009_incongruent_vs_congruent_correct.nii.gz	False	74.6869422542	0.0	http://neurovault.org/media/images/45/transform_4mm_178.npy			http://neurovault.org/media/images/45/glass_brain_178.jpg		http://neurovault.org/images/178/	178
343		2015-10-01T20:12:23.174327Z		98.3845625276	None / Other	None	None / Other	None	860	860			FSL5.0	Figure 1	http://neurovault.org/media/images/860/melodic_IC_0007.nii.gz	906299	12551	statistic_map	False	Z map	Structural MRI	2015-12-23T11:01:57.954657Z	melodic IC 0007 (PD-ICA)	False	79.7727481316	4.67563968823	http://neurovault.org/media/images/860/transform_4mm_12551.npy			http://neurovault.org/media/images/860/glass_brain_12551.jpg		http://neurovault.org/images/12551/	12551
386		2015-03-07T16:33:04.417193Z	group	92.0256649291	parametric context based action reward error	cnt_553fc50126261	dot motion task	trm_4f244ad7dcde7	431	431	context based action reward error			Figure 4	http://neurovault.org/media/images/431/figure4_context_based.nii.gz	882342	2963	statistic_map	False	Z map	fMRI-BOLD	2015-12-23T14:23:38.482161Z	context based action reward error	False	74.3391803277	9.2214901866	http://neurovault.org/media/images/431/transform_4mm_2963.npy			http://neurovault.org/media/images/431/glass_brain_2963.jpg		http://neurovault.org/images/2963/	2963
389		2015-03-07T16:32:59.024545Z	group	92.0256649291	parametric acquired bias	cnt_553fc4f4362c1	dot motion task	trm_4f244ad7dcde7	431	431			The maps show the brain areas whose activation positively correlates with the amount of acquired bias on each trial.	Figure 3	http://neurovault.org/media/images/431/figure3.nii.gz	875973	2959	statistic_map	False	Z map	fMRI-BOLD	2015-12-23T04:33:00.852542Z	acquired bias	False	74.3391803277	9.2214901866	http://neurovault.org/media/images/431/transform_4mm_2959.npy			http://neurovault.org/media/images/431/glass_brain_2959_1.jpg		http://neurovault.org/images/2959/	2959
391		2015-12-22T07:36:18.604005Z		70.3341013825	None / Other	None	None / Other	None	1030	1030			The parametrically modulated moment of feedback via the prediction error versus baseline (0),	Figure 3	http://neurovault.org/media/images/1030/soccer_RPE_0.nii.gz	192355	14035	statistic_map	False	T map	fMRI-BOLD	2015-12-23T11:03:32.543896Z	Soccer paradigm: reward prediction error (RPE) versus baseline (0)	False	65.9422387648	6.09783246645	http://neurovault.org/media/images/1030/transform_4mm_14035.npy			http://neurovault.org/media/images/1030/glass_brain_14035.jpg		http://neurovault.org/images/14035/	14035
392		2015-12-22T07:45:45.651172Z		63.127577007	None / Other	None	None / Other	None	1030	1030			Contrast of the parametrically modulated feedback versus baseline (0). The parametrical modulation was done using the reward prediction error.	Figure 3	http://neurovault.org/media/images/1030/monetary_RPE_0.nii.gz	171468	14038	statistic_map	False	T map	fMRI-BOLD	2015-12-23T11:03:35.625008Z	Monetary paradigm: reward prediction error (RPE) versus baseline (0)	False	69.9131513648	4.59564719359	http://neurovault.org/media/images/1030/transform_4mm_14038.npy			http://neurovault.org/media/images/1030/glass_brain_14038.jpg		http://neurovault.org/images/14038/	14038
393		2015-12-22T07:39:08.564543Z		63.127577007	None / Other	None	None / Other	None	1030	1030			Contrast of the moment when getting the feedback of having won 10 Cents or not.	Figure 3	http://neurovault.org/media/images/1030/monetary_win_nowin.nii.gz	172007	14036	statistic_map	False	T map	fMRI-BOLD	2015-12-23T11:03:35.164920Z	Monetary paradigm: winning versus not winning money	False	69.9131513648	4.59564719359	http://neurovault.org/media/images/1030/transform_4mm_14036.npy			http://neurovault.org/media/images/1030/glass_brain_14036.jpg		http://neurovault.org/images/14036/	14036
394		2015-12-22T07:31:49.577350Z		70.3341013825	None / Other	None	None / Other	None	1030	1030			Contrast of soccer players getting a feedback of having scored or having missed the goal.	Figure 3	http://neurovault.org/media/images/1030/soccer_goal_miss.nii.gz	192454	14033	statistic_map	False	T map	fMRI-BOLD	2015-12-23T11:03:30.258079Z	Soccer paradigm: goal versus miss	False	65.9422387648	6.09783246645	http://neurovault.org/media/images/1030/transform_4mm_14033.npy			http://neurovault.org/media/images/1030/glass_brain_14033.jpg		http://neurovault.org/images/14033/	14033
395		2015-12-22T07:41:39.464372Z		63.127577007	None / Other	None	None / Other	None	1030	1030			Contrast of the time point of choosing the square under which the participant things the ball is hidden (if he gets it right, he wins money). Parametricall modulated by the chance to win.	Figure 3	http://neurovault.org/media/images/1030/monetary_RA_0.nii.gz	171781	14037	statistic_map	False	T map	fMRI-BOLD	2015-12-23T11:03:35.635036Z	Monetary paradigm: reward anticipation versus baseline (0)	False	69.9131513648	4.59564719359	http://neurovault.org/media/images/1030/transform_4mm_14037.npy			http://neurovault.org/media/images/1030/glass_brain_14037.jpg		http://neurovault.org/images/14037/	14037
396		2015-12-22T07:33:47.052763Z		70.3341013825	None / Other	None	None / Other	None	1030	1030			Contrast of the moment when participants decide to shoot or pass the ball versus baseline (0). Parametrically modulated by the chance of scoring (these values were assessed beforehand, please see paper for further details),	Figure 3	http://neurovault.org/media/images/1030/soccer_RA_0.nii.gz	193465	14034	statistic_map	False	T map	fMRI-BOLD	2015-12-23T11:03:34.694043Z	Soccer paradigm: reward anticipation (RA) versus baseline (0)	False	65.9422387648	6.09783246645	http://neurovault.org/media/images/1030/transform_4mm_14034.npy			http://neurovault.org/media/images/1030/glass_brain_14034.jpg		http://neurovault.org/images/14034/	14034
397		2015-12-22T07:48:29.216689Z		63.6308513219	None / Other	None	None / Other	None	1030	1030			Contrast of scoring after a pass versus after a shot. This was important to do the covariate analysis using the egoism assessment as measured via the Honesty-Humility scale of the HEXACO PI-R 200.	Figure 4	http://neurovault.org/media/images/1030/soccer_goalpass_goalshoot.nii.gz	164035	14039	statistic_map	False	T map	fMRI-BOLD	2015-12-23T11:03:36.034138Z	Soccer paradigm: scoring after a pass versus scoring after a shot	False	70.7168458781	1.1957442802	http://neurovault.org/media/images/1030/transform_4mm_14039.npy			http://neurovault.org/media/images/1030/glass_brain_14039.jpg		http://neurovault.org/images/14039/	14039
628		2014-01-02T20:59:49.344007Z	group	60.6624279166	Other	Other	contextual semantic priming task	trm_553e73e29cf7d	25	25	covariation with RT		Regions showing a positive correlation between RT and BOLD response. 		http://neurovault.org/media/images/25/spmT_0001.nii.gz	162798	88	statistic_map	False	T map	fMRI-BOLD	2015-12-23T11:00:41.871413Z	Covariation with RT	False	76.89684046	0.872254572692	http://neurovault.org/media/images/25/transform_4mm_88.npy			http://neurovault.org/media/images/25/glass_brain_88.jpg		http://neurovault.org/images/88/	88
631		2014-10-03T23:17:32.438028Z	group	67.273399379	congruent minus scrambled	cnt_55413a13ad2fb	contextual semantic priming task	trm_553e73e29cf7d	160	160			An experimental contrast targeting predictability in language processing. Last word of a coherent 5-word sentence contrasted over the last word in a random sequence of words. Activation map across 10 patients with focal cerebellar lesions.		http://neurovault.org/media/images/160/spmT_0003.nii.gz	181672	754	statistic_map	False	T map	fMRI-BOLD	2015-12-23T11:00:42.545399Z	Congruent>Scrambled patients	False	74.3870715641	0.841270187215	http://neurovault.org/media/images/160/transform_4mm_754.npy			http://neurovault.org/media/images/160/glass_brain_754.jpg		http://neurovault.org/images/754/	754
632		2014-10-01T13:01:44.800223Z	group	67.273399379	scrambled minus letter string	cnt_55413a0769113	contextual semantic priming task	trm_553e73e29cf7d	160	160	reading of meaningful words presented in random order - viewing of meaningless letter stings (consonants) 		An experimental contrast targeting basic language processing. The last word in a random sequence of words contrasted over the last of a sequence of five letter strings (consonants). Activation map across 10 healthy young controls.		http://neurovault.org/media/images/160/spmT_0002_2.nii.gz	181393	735	statistic_map	False	T map	fMRI-BOLD	2015-12-23T04:30:43.313146Z	Scrambled>Letterstrings controls	False	74.3870715641	0.841270187215	http://neurovault.org/media/images/160/transform_4mm_735.npy			http://neurovault.org/media/images/160/glass_brain_735.jpg		http://neurovault.org/images/735/	735
633		2014-10-02T10:25:54.219427Z	group	67.273399379	scrambled minus letter string	cnt_55413a0769113	contextual semantic priming task	trm_553e73e29cf7d	160	160			An experimental contrast targeting basic language processing. The last word in a random sequence of words contrasted over the last of a sequence of five letter strings (consonants). Activation map across 10 patients with focal cerebellar lesions.		http://neurovault.org/media/images/160/Con2_patients.nii.gz	177373	743	statistic_map	False	T map	fMRI-BOLD	2015-12-23T11:01:13.377506Z	Scrambled>Letterstrings patients	False	74.3870715641	0.841270187215	http://neurovault.org/media/images/160/transform_4mm_743.npy			http://neurovault.org/media/images/160/glass_brain_743.jpg		http://neurovault.org/images/743/	743
634		2014-10-03T23:47:01.444617Z	group	67.2778352802	incongruent minus scrambled	cnt_55413a3228c77	contextual semantic priming task	trm_553e73e29cf7d	160	160			An alternative experimental contrast targeting prediction violations in language processing. Incongruent last word of a 5-word sentence contrasted over the last word of a random 5-word sequence of words. Activation map across 10 healthy young controls.		http://neurovault.org/media/images/160/spmT_0002_4.nii.gz	182437	763	statistic_map	False	T map	fMRI-BOLD	2015-12-23T11:01:13.348089Z	Incongruent>Scrambled controls	False	74.3853968963	0.84121518546	http://neurovault.org/media/images/160/transform_4mm_763.npy			http://neurovault.org/media/images/160/glass_brain_763.jpg		http://neurovault.org/images/763/	763
635		2014-10-02T11:04:28.560976Z	group	67.273399379	scrambled minus letter string	cnt_55413a0769113	contextual semantic priming task	trm_553e73e29cf7d	160	160			An experimental contrast targeting basic language processing. The last word in a random sequence of words contrasted over the last of a sequence of five letter strings (consonants). Areas showing increased activation in controls relative to patients.		http://neurovault.org/media/images/160/spmT_0001_2.nii.gz	182134	744	statistic_map	False	T map	fMRI-BOLD	2015-12-23T11:00:32.289773Z	Scrambled>Letterstrings controls>patients	False	74.3870715641	0.841270187215	http://neurovault.org/media/images/160/transform_4mm_744.npy			http://neurovault.org/media/images/160/glass_brain_744.jpg		http://neurovault.org/images/744/	744
636		2014-10-03T23:30:51.018977Z	group	67.273399379	incongruent minus congruent	cnt_55413a264f834	contextual semantic priming task	trm_553e73e29cf7d	160	160			An experimental contrast targeting prediction violations in language processing. Incongruent last word of a 5-word sentence contrasted over the congruent last word of a 5-word sentence. Activation map across 10 healthy young controls.		http://neurovault.org/media/images/160/spmT_0002_3.nii.gz	182414	756	statistic_map	False	T map	fMRI-BOLD	2015-12-23T11:00:38.653295Z	Incongruent>Congruent controls	False	74.3870715641	0.841270187215	http://neurovault.org/media/images/160/transform_4mm_756.npy			http://neurovault.org/media/images/160/glass_brain_756.jpg		http://neurovault.org/images/756/	756
637		2014-10-03T23:33:35.616357Z	group	67.273399379	incongruent minus congruent	cnt_55413a264f834	contextual semantic priming task	trm_553e73e29cf7d	160	160			An experimental contrast targeting prediction violations in language processing. Incongruent last word of a 5-word sentence contrasted over the congruent last word of a 5-word sentence. Areas showing increased activation in controls relative to patients.		http://neurovault.org/media/images/160/spmT_0001_4.nii.gz	181950	758	statistic_map	False	T map	fMRI-BOLD	2015-12-23T11:00:41.915242Z	Incongruent>Congruent controls>patients	False	74.3870715641	0.841270187215	http://neurovault.org/media/images/160/transform_4mm_758.npy			http://neurovault.org/media/images/160/glass_brain_758.jpg		http://neurovault.org/images/758/	758
638		2014-10-03T23:48:11.488253Z	group	67.2778352802	incongruent minus scrambled	cnt_55413a3228c77	contextual semantic priming task	trm_553e73e29cf7d	160	160			An alternative experimental contrast targeting prediction violations in language processing. Incongruent last word of a 5-word sentence contrasted over the last word of a random 5-word sequence of words. Activation map across 10 patients with focal cerebellar lesions.		http://neurovault.org/media/images/160/spmT_0003_2.nii.gz	181386	764	statistic_map	False	T map	fMRI-BOLD	2015-12-23T11:01:14.831204Z	Incongruent>Scrambled patients	False	74.3853968963	0.84121518546	http://neurovault.org/media/images/160/transform_4mm_764.npy			http://neurovault.org/media/images/160/glass_brain_764.jpg		http://neurovault.org/images/764/	764
639		2014-10-03T23:32:09.533163Z	group	67.273399379	incongruent minus congruent	cnt_55413a264f834	contextual semantic priming task	trm_553e73e29cf7d	160	160			An experimental contrast targeting prediction violations in language processing. Incongruent last word of a 5-word sentence contrasted over the congruent last word of a 5-word sentence. Activation map across 10 patients with focal cerebellar lesions.		http://neurovault.org/media/images/160/spmT_0003_1.nii.gz	182119	757	statistic_map	False	T map	fMRI-BOLD	2015-12-23T11:01:20.204688Z	Incongruent>Congruent patients	False	74.3870715641	0.841270187215	http://neurovault.org/media/images/160/transform_4mm_757.npy			http://neurovault.org/media/images/160/glass_brain_757.jpg		http://neurovault.org/images/757/	757
640		2014-10-03T23:28:08.809141Z	group	67.273399379	congruent minus scrambled	cnt_55413a13ad2fb	contextual semantic priming task	trm_553e73e29cf7d	160	160			An experimental contrast targeting predictability in language processing. Last word of a coherent 5-word sentence contrasted over the last word in a random sequence of words. Areas showing increased activation in controls relative to patients.		http://neurovault.org/media/images/160/spmT_0001_3.nii.gz	181198	755	statistic_map	False	T map	fMRI-BOLD	2015-12-23T11:00:36.195932Z	Congruent>Scrambled controls>patients	False	74.3870715641	0.841270187215	http://neurovault.org/media/images/160/transform_4mm_755.npy			http://neurovault.org/media/images/160/glass_brain_755.jpg		http://neurovault.org/images/755/	755
641		2014-10-03T23:17:32.424927Z	group	67.273399379	congruent minus scrambled	cnt_55413a13ad2fb	contextual semantic priming task	trm_553e73e29cf7d	160	160			An experimental contrast targeting predictability in language processing. Last word of a coherent 5-word sentence contrasted over the last word in a random sequence of words. Activation map across 10 healthy young controls.		http://neurovault.org/media/images/160/spmT_0002_1.nii.gz	182422	753	statistic_map	False	T map	fMRI-BOLD	2015-12-23T11:01:13.936815Z	Congruent>Scrambled controls	False	74.3870715641	0.841270187215	http://neurovault.org/media/images/160/transform_4mm_753.npy			http://neurovault.org/media/images/160/glass_brain_753.jpg		http://neurovault.org/images/753/	753
685		2015-03-05T20:51:30.358478Z	group	99.9164051592	visual standard stimulus presentation	cnt_553a7710d845a	oddball task	tsk_4a57abb949bf6	417	417	visual standard		FSL5.0		http://neurovault.org/media/images/417/model001_task002_cope006_tstat1.nii.gz	870735	2718	statistic_map	False	T map	fMRI-BOLD	2015-12-23T13:16:35.085935Z	model001 task002 cope006 tstat1	False	74.7081026645	0.0	http://neurovault.org/media/images/417/transform_4mm_2718.npy			http://neurovault.org/media/images/417/glass_brain_2718.jpg		http://neurovault.org/images/2718/	2718
688		2015-03-05T20:51:40.170829Z	group	99.9164051592	visual targets minus standards	cnt_553a7740160a3	oddball task	tsk_4a57abb949bf6	417	417	visual targets - standards		FSL5.0		http://neurovault.org/media/images/417/model001_task002_cope005_tstat1.nii.gz	878248	2731	statistic_map	False	T map	fMRI-BOLD	2015-12-23T11:01:27.167224Z	model001 task002 cope005 tstat1	False	74.7081026645	0.0	http://neurovault.org/media/images/417/transform_4mm_2731.npy			http://neurovault.org/media/images/417/glass_brain_2731.jpg		http://neurovault.org/images/2731/	2731
698		2015-03-05T20:51:38.706233Z	group	99.9562330677	auditory targets minus standards	cnt_553a768dc270f	oddball task	tsk_4a57abb949bf6	417	417	auditory targets - standards		FSL5.0		http://neurovault.org/media/images/417/model001_task001_cope008_tstat1.nii.gz	877141	2729	statistic_map	False	T map	fMRI-BOLD	2015-12-23T11:00:32.924361Z	model001 task001 cope008 tstat1	False	74.6980210031	0.0	http://neurovault.org/media/images/417/transform_4mm_2729.npy			http://neurovault.org/media/images/417/glass_brain_2729.jpg		http://neurovault.org/images/2729/	2729
699		2015-03-05T20:51:34.191820Z	group	99.9562330677	auditory standard	cnt_553a7683a550a	oddball task	tsk_4a57abb949bf6	417	417	auditory standard		FSL5.0		http://neurovault.org/media/images/417/model001_task001_cope007_tstat1.nii.gz	875746	2723	statistic_map	False	T map	fMRI-BOLD	2015-12-23T09:17:36.149949Z	model001 task001 cope007 tstat1	False	74.6980210031	0.0	http://neurovault.org/media/images/417/transform_4mm_2723.npy			http://neurovault.org/media/images/417/glass_brain_2723.jpg		http://neurovault.org/images/2723/	2723
701		2015-03-10T03:16:06.549286Z	group	99.926909223	unsuccessful stop minus successful stop	cnt_55399a008d960	conditional stop signal task	trm_4cacf3fbc503b	42	42	 unsucc minus succ stop		FSL5.0		http://neurovault.org/media/images/42/task002_cope08_unsucc_minus_succ_stop.nii.gz	877640	3040	statistic_map	False	T map	fMRI-BOLD	2015-12-23T19:52:42.647038Z	task002 008 unsucc minus succ stop	False	74.7054437648	0.0	http://neurovault.org/media/images/42/transform_4mm_3040.npy			http://neurovault.org/media/images/42/glass_brain_3040_1.jpg		http://neurovault.org/images/3040/	3040
702		2015-03-10T03:16:05.494642Z	group	99.926909223	go-critical minus go-noncritical	cnt_553999f2c69ef	conditional stop signal task	trm_4cacf3fbc503b	42	42	go-critical minus go-noncritical		FSL5.0		http://neurovault.org/media/images/42/task002_cope09_go_crit-go_noncrit.nii.gz	877915	3039	statistic_map	False	T map	fMRI-BOLD	2015-12-23T19:53:11.328361Z	task002 009 go-critical minus go-noncritical	False	74.7054437648	0.0	http://neurovault.org/media/images/42/transform_4mm_3039.npy			http://neurovault.org/media/images/42/glass_brain_3039_1.jpg		http://neurovault.org/images/3039/	3039
703		2014-06-04T15:12:22.009334Z	group	99.970238486	go trial	cnt_4b44a4d544ee7	stop signal task	tsk_4a57abb949e1a	42	42	go		FSL5.0		http://neurovault.org/media/images/42/task001_cope01_go.nii.gz	878731	143	statistic_map	False	T map	fMRI-BOLD	2015-12-23T19:43:22.481547Z	task001 001 go	False	74.6944758035	0.0	http://neurovault.org/media/images/42/transform_4mm_143.npy			http://neurovault.org/media/images/42/glass_brain_143_1.jpg		http://neurovault.org/images/143/	143
705		2014-06-04T15:12:22.213267Z	group	99.926909223	failed stop-noncritical 	cnt_4ebca22149619	conditional stop signal task	trm_4cacf3fbc503b	42	42	failed stop-noncritical		FSL5.0		http://neurovault.org/media/images/42/task002_cope05_failed%20stop-noncritical.nii.gz	878341	154	statistic_map	False	T map	fMRI-BOLD	2015-12-23T11:00:58.559479Z	task002 005 failed stop-noncritical	False	74.7054437648	0.0	http://neurovault.org/media/images/42/transform_4mm_154.npy			http://neurovault.org/media/images/42/glass_brain_154.jpg		http://neurovault.org/images/154/	154
706		2014-06-04T15:12:22.062819Z	group	99.970238486	failed stop	cnt_55399d6bcd8dc	stop signal task	tsk_4a57abb949e1a	42	42	failed stop		FSL5.0		http://neurovault.org/media/images/42/task001_cope03_failed%20stop.nii.gz	878293	146	statistic_map	False	T map	fMRI-BOLD	2015-12-23T07:42:21.638427Z	task001 003 failed stop	False	74.6944758035	0.0	http://neurovault.org/media/images/42/transform_4mm_146.npy			http://neurovault.org/media/images/42/glass_brain_146.jpg		http://neurovault.org/images/146/	146
707		2014-06-04T15:12:22.120076Z	group	99.926909223	successful stop-critical	cnt_55399a3f5e512	conditional stop signal task	trm_4cacf3fbc503b	42	42	successful stop-critical		FSL5.0		http://neurovault.org/media/images/42/task002_cope03_successful%20stop-critical.nii.gz	878115	149	statistic_map	False	T map	fMRI-BOLD	2015-12-23T11:00:50.403737Z	task002 003 successful stop-critical	False	74.7054437648	0.0	http://neurovault.org/media/images/42/transform_4mm_149.npy			http://neurovault.org/media/images/42/glass_brain_149.jpg		http://neurovault.org/images/149/	149
709		2014-06-04T15:12:21.957458Z	group	99.926909223	failed stop-critical 	cnt_4ebca202935c6	conditional stop signal task	trm_4cacf3fbc503b	42	42	failed stop-critical		FSL5.0		http://neurovault.org/media/images/42/task002_cope04_failed%20stop-critical.nii.gz	877599	142	statistic_map	False	T map	fMRI-BOLD	2015-12-23T10:06:20.433207Z	task002 004 failed stop-critical	False	74.7054437648	0.0	http://neurovault.org/media/images/42/transform_4mm_142.npy			http://neurovault.org/media/images/42/glass_brain_142.jpg		http://neurovault.org/images/142/	142
714		2014-06-04T15:12:22.027794Z	group	99.926909223	go-noncritical	cnt_55399a202b4ff	conditional stop signal task	trm_4cacf3fbc503b	42	42	go - noncritical		FSL5.0		http://neurovault.org/media/images/42/task002_cope02_go-noncritical.nii.gz	877860	144	statistic_map	False	T map	fMRI-BOLD	2015-12-23T10:58:16.039747Z	task002 002 go-noncritical	False	74.7054437648	0.0	http://neurovault.org/media/images/42/transform_4mm_144.npy			http://neurovault.org/media/images/42/glass_brain_144.jpg		http://neurovault.org/images/144/	144
715		2015-03-10T03:16:07.558169Z	group	99.926909223	successful stop minus go	cnt_4ebca1f15eb7d	conditional stop signal task	trm_4cacf3fbc503b	42	42	succstop minus go		FSL5.0		http://neurovault.org/media/images/42/task002_cope10_succstop_minus_go.nii.gz	878039	3041	statistic_map	False	T map	fMRI-BOLD	2015-12-23T08:18:20.662312Z	task002 010 succstop minus go	False	74.7054437648	0.0	http://neurovault.org/media/images/42/transform_4mm_3041.npy			http://neurovault.org/media/images/42/glass_brain_3041.jpg		http://neurovault.org/images/3041/	3041
717		2014-06-04T15:12:22.081816Z	group	99.970238486	successful stop trial	cnt_4c6b5fd5bfc41	stop signal task	tsk_4a57abb949e1a	42	42	successful stop		FSL5.0		http://neurovault.org/media/images/42/task001_cope02_successful%20stop.nii.gz	877101	147	statistic_map	False	T map	fMRI-BOLD	2015-12-23T11:00:55.403716Z	task001 002 successful stop	False	74.6944758035	0.0	http://neurovault.org/media/images/42/transform_4mm_147.npy			http://neurovault.org/media/images/42/glass_brain_147.jpg		http://neurovault.org/images/147/	147
723		2015-03-06T01:08:28.377309Z	group	97.2523119882	go trial	cnt_5181f863d5591	stop signal task with pseudo word naming	trm_5181f863d24f4	423	423	go		FSL5.0		http://neurovault.org/media/images/423/task003_cope001_tstat1.nii.gz	857169	2826	statistic_map	False	T map	fMRI-BOLD	2015-12-23T11:00:37.919170Z	task003 cope001 tstat1	False	75.3824661073	0.0	http://neurovault.org/media/images/423/transform_4mm_2826.npy			http://neurovault.org/media/images/423/glass_brain_2826.jpg		http://neurovault.org/images/2826/	2826
737		2015-03-06T01:08:26.350531Z	group	97.9035639413	Go trial	cnt_5181f83b8eaae	stop signal task with letter naming	trm_5181f83b77fa4	423	423	go		FSL5.0		http://neurovault.org/media/images/423/task002_cope001_tstat1.nii.gz	861537	2824	statistic_map	False	T map	fMRI-BOLD	2015-12-23T10:58:52.423031Z	task002 cope001 tstat1	False	75.2176143244	0.0	http://neurovault.org/media/images/423/transform_4mm_2824.npy			http://neurovault.org/media/images/423/glass_brain_2824.jpg		http://neurovault.org/images/2824/	2824
752		2015-03-05T20:15:40.559235Z	group	99.8940840238	all	cnt_553a73a084bdd	object one-back task	trm_4ebd47b8bab6b	415	415	all		FSL5.0		http://neurovault.org/media/images/415/model001_task001_cope009_tstat1.nii.gz	879816	2714	statistic_map	False	T map	fMRI-BOLD	2015-12-23T14:42:41.656595Z	model001 task001 cope009 tstat1	False	74.7137528265	0.0	http://neurovault.org/media/images/415/transform_4mm_2714.npy			http://neurovault.org/media/images/415/glass_brain_2714.jpg		http://neurovault.org/images/2714/	2714
762		2014-03-24T21:39:28.191912Z	group	100.0	pre-cash trials minus pre-pump trials matched for risk level	cnt_5542665e734fe	balloon analogue risk task (BART)	trm_4d559bcd67c18	34	34	pre-cash trials minus pre-pump trials with risk level matched		"Contrast between trials preceding cashout trials and trials preceding pump trials in the BART (trials matched for level of risk)

This contrast is contrasting trials immediately preceding a cashout vs. trials immediately preceding a pump. However, the pre-pump condition only contains a subset of all the pre-pump trials for that participant that are matched to the risk level of that participant's pre-cashout trials. So both the pre-pump and pre-cashout regressor would include 3 trials from pump #3, 5 trials from pump #4, 2 trials from pump #5, and so on."		http://neurovault.org/media/images/34/tstatsCashoutsMinusPumpMasked.nii.gz	935285	109	statistic_map	False	T map	fMRI-BOLD	2015-12-23T11:03:14.017313Z	Pre-cashout vs. pre-pump	False	74.6869422542	0.0	http://neurovault.org/media/images/34/transform_4mm_109.npy	5.0		http://neurovault.org/media/images/34/glass_brain_109.jpg		http://neurovault.org/images/109/	109
766		2015-01-10T05:49:51.250971Z		97.7201804948	reappraise negative rating	cnt_553a6e9a84bd2	emotional regulation task	trm_4da890594742a	307	307			mediation results (Figure 4): activity during cue/anticipation that shows an amygdala-mediated relationship with reappraisal success (a*b mediation path)		http://neurovault.org/media/images/307/Denny_etal_2014_reappraisal_anticipation_2.nii.gz	1344489	1750	statistic_map	False	T map	fMRI-BOLD	2015-12-23T11:01:23.924530Z	mediation results	False	61.9033955257	35.0704188489	http://neurovault.org/media/images/307/transform_4mm_1750.npy		25.0	http://neurovault.org/media/images/307/glass_brain_1750.jpg		http://neurovault.org/images/1750/	1750
858		2013-06-12T14:47:19.050178Z		100.0	parametric gain	cnt_5181f79e38fb2	mixed gambles task	trm_4cacee4a1d875	3	3	parametric gain		Parametric effect of gains		http://neurovault.org/media/images/3/task001_cope02_parametric%20gain.nii.gz	873234	4	statistic_map	False	T map	fMRI-BOLD	2015-12-23T10:05:42.294459Z	task001_cope02_parametric gain	False	74.6869422542	0.0	http://neurovault.org/media/images/3/transform_4mm_4.npy			http://neurovault.org/media/images/3/glass_brain_4.jpg		http://neurovault.org/images/4/	4
859		2015-04-18T06:44:12.921727Z		100.0	parametric loss	cnt_4cacee8ad4b14	mixed gambles task	trm_4cacee4a1d875	3	3	parametric loss				http://neurovault.org/media/images/3/task001_cope06_neg_loss_param.nii.gz	877105	8719	statistic_map	False	T map	fMRI-BOLD	2015-12-23T11:02:16.841355Z	task001_cope06_neg_loss_param	False	74.6869422542	0.0	http://neurovault.org/media/images/3/transform_4mm_8719.npy			http://neurovault.org/media/images/3/glass_brain_8719.jpg		http://neurovault.org/images/8719/	8719
860		2013-06-12T14:43:45.377570Z	group	100.0	task minus baseline	cnt_55ef1305643e9	mixed gambles task	trm_4cacee4a1d875	3	3	task minus baseline		task vs. baseline		http://neurovault.org/media/images/3/task001_cope01_task.nii.gz	878304	3	statistic_map	False	T map	fMRI-BOLD	2015-12-23T11:02:50.278249Z	task001_cope01_task	False	74.6869422542	0.0	http://neurovault.org/media/images/3/transform_4mm_3.npy			http://neurovault.org/media/images/3/glass_brain_3.jpg		http://neurovault.org/images/3/	3
861		2015-04-18T06:41:38.093704Z	group	100.0	difference from indifference	cnt_5175b81f53bf3	mixed gambles task	trm_4cacee4a1d875	3	3	distance from indifference				http://neurovault.org/media/images/3/task001_cope04_distance%20from%20indifference.nii.gz	878581	8718	statistic_map	False	T map	fMRI-BOLD	2015-12-23T11:02:18.777368Z	task001_cope04_distance from indifference	False	74.6869422542	0.0	http://neurovault.org/media/images/3/transform_4mm_8718.npy			http://neurovault.org/media/images/3/glass_brain_8718.jpg		http://neurovault.org/images/8718/	8718
991		2014-12-30T22:45:19.552546Z	group	80.4914661423	[why face minus how nonsocial] minus [why nonsocial minus how face]	cnt_554109af50e85	why/how task	trm_53c4465b0466f	297	297	[why face minus how face] minus [why nonsocial minus how nonsocial]		[Why_Face > How_Face] > [Why_Nonsocial > How_Nonsocial]		http://neurovault.org/media/images/297/Tmap_Why_FaceHow_Nonsocial_-_Why_NonsocialHow_Face.nii.gz	218721	1586	statistic_map	False	T map	fMRI-BOLD	2015-12-23T11:03:20.166146Z	[Why_Face > How_Face] > [Why_Nonsocial > How_Nonsocial]	False	63.9426019246	3.17973348741	http://neurovault.org/media/images/297/transform_4mm_1586.npy		18.0	http://neurovault.org/media/images/297/glass_brain_1586.jpg		http://neurovault.org/images/1586/	1586
992		2014-12-30T22:41:05.609313Z	group	80.4914661423	why hand minus how hand	cnt_5541098145b5a	why/how task	trm_53c4465b0466f	297	297	why hand minus how hand		Why_Hand > How_Hand		http://neurovault.org/media/images/297/Tmap_Why_Hand_-_How_Hand.nii.gz	218089	1584	statistic_map	False	T map	fMRI-BOLD	2015-12-23T08:13:42.081568Z	Why_Hand > How_Hand	False	63.9426019246	3.17973348741	http://neurovault.org/media/images/297/transform_4mm_1584.npy		18.0	http://neurovault.org/media/images/297/glass_brain_1584.jpg		http://neurovault.org/images/1584/	1584
993		2014-12-30T22:41:05.633837Z	group	80.4914661423	why nonsocial minus how nonsocial	cnt_55410992b9c4b	why/how task	trm_53c4465b0466f	297	297	why nonsocial minus how nonsocial		Why_Nonsocial > How_Nonsocial		http://neurovault.org/media/images/297/Tmap_Why_Nonsocial_-_How_Nonsocial.nii.gz	218046	1585	statistic_map	False	T map	fMRI-BOLD	2015-12-23T11:01:22.588915Z	Why_Nonsocial > How_Nonsocial	False	63.9426019246	3.17973348741	http://neurovault.org/media/images/297/transform_4mm_1585.npy		18.0	http://neurovault.org/media/images/297/glass_brain_1585.jpg		http://neurovault.org/images/1585/	1585
994		2014-12-30T22:46:14.835513Z	group	80.4914661423	[why hand minus how nonsocial] minus [why nonsocial minus how hand]	cnt_554109c5544c8	why/how task	trm_53c4465b0466f	297	297	[why hand minus how hand] minus [why nonsocial minus how nonsocial]		[Why_Hand > How_Hand] > [Why_Nonsocial > How_Nonsocial]		http://neurovault.org/media/images/297/Tmap_Why_HandHow_Nonsocial_-_Why_NonsocialHow_Hand.nii.gz	218625	1587	statistic_map	False	T map	fMRI-BOLD	2015-12-23T11:03:03.526365Z	[Why_Hand > How_Hand] > [Why_Nonsocial > How_Nonsocial]	False	63.9426019246	3.17973348741	http://neurovault.org/media/images/297/transform_4mm_1587.npy		18.0	http://neurovault.org/media/images/297/glass_brain_1587_1.jpg		http://neurovault.org/images/1587/	1587
995		2014-12-30T22:33:41.238965Z	group	80.4914661423	why face minus how face	cnt_55410975ce70b	why/how task	trm_53c4465b0466f	297	297	why face minus how face		Why_Face > How_Face		http://neurovault.org/media/images/297/Tmap_Why_Face_-_How_Face.nii.gz	217937	1583	statistic_map	False	T map	fMRI-BOLD	2015-12-23T11:03:15.287900Z	Why_Face > How_Face	False	63.9426019246	3.17973348741	http://neurovault.org/media/images/297/transform_4mm_1583.npy		18.0	http://neurovault.org/media/images/297/glass_brain_1583.jpg		http://neurovault.org/images/1583/	1583
1080		2015-03-19T19:27:09.746292Z	group	99.9820555577	Shapes	cnt_55314757a78a1	emotion processing fMRI task paradigm	trm_550b5b066d37b	457	457	Shapes		FSL5.0		http://neurovault.org/media/images/457/tfMRI_EMOTION_SHAPES_zstat1.nii.gz	1183414	3131	statistic_map	False	Z map	fMRI-BOLD	2015-12-23T19:54:30.420723Z	tfMRI EMOTION SHAPES zstat1	False	65.7106075697	26.191414706	http://neurovault.org/media/images/457/transform_4mm_3131.npy	0.0	481.0	http://neurovault.org/media/images/457/glass_brain_3131_1.jpg		http://neurovault.org/images/3131/	3131
1082		2015-03-19T19:32:32.776511Z	group	99.9886205976	0-back Body	cnt_55314b2a72bee	working memory fMRI task paradigm	trm_550b50095d4a3	457	457	0-back Body		FSL5.0		http://neurovault.org/media/images/457/tfMRI_WM_0BK_BODY_zstat1.nii.gz	1181692	3185	statistic_map	False	Z map	fMRI-BOLD	2015-12-23T04:35:32.192013Z	tfMRI WM 0BK BODY zstat1	False	65.6937678714	26.2228006381	http://neurovault.org/media/images/457/transform_4mm_3185.npy	0.0	492.0	http://neurovault.org/media/images/457/glass_brain_3185_1.jpg		http://neurovault.org/images/3185/	3185
1084		2015-03-19T19:32:36.652365Z	group	99.9886205976	0-back Tool	cnt_55314b5e393d2	working memory fMRI task paradigm	trm_550b50095d4a3	457	457	0-back Tool		FSL5.0		http://neurovault.org/media/images/457/tfMRI_WM_0BK_TOOL_zstat1.nii.gz	1183452	3188	statistic_map	False	Z map	fMRI-BOLD	2015-12-23T04:37:53.600116Z	tfMRI WM 0BK TOOL zstat1	False	65.6937678714	26.2228006381	http://neurovault.org/media/images/457/transform_4mm_3188.npy	0.0	492.0	http://neurovault.org/media/images/457/glass_brain_3188_1.jpg		http://neurovault.org/images/3188/	3188
1086		2015-03-19T19:32:03.010217Z	group	99.9886205976	Right Hand	cnt_5531528989cc7	motor fMRI task paradigm	trm_550b53d7dd674	457	457	Right Finger (Hand)		FSL5.0		http://neurovault.org/media/images/457/tfMRI_MOTOR_RH_zstat1.nii.gz	1184943	3162	statistic_map	False	Z map	fMRI-BOLD	2015-12-23T07:54:55.491884Z	tfMRI MOTOR RIGHT HAND zstat1	False	65.7102752072	26.18728373	http://neurovault.org/media/images/457/transform_4mm_3162.npy	0.0	490.0	http://neurovault.org/media/images/457/glass_brain_3162.jpg		http://neurovault.org/images/3162/	3162
1093		2015-03-19T19:31:54.447703Z	group	99.9886205976	Left Foot	cnt_55315270d1e14	motor fMRI task paradigm	trm_550b53d7dd674	457	457	Left Toe (Foot)		FSL5.0		http://neurovault.org/media/images/457/tfMRI_MOTOR_LF_zstat1.nii.gz	1180249	3156	statistic_map	False	Z map	fMRI-BOLD	2015-12-23T08:02:15.356658Z	tfMRI MOTOR LEFT FOOT zstat1	False	65.7102752072	26.18728373	http://neurovault.org/media/images/457/transform_4mm_3156.npy	0.0	490.0	http://neurovault.org/media/images/457/glass_brain_3156.jpg		http://neurovault.org/images/3156/	3156
1094		2015-03-19T19:32:05.428852Z	group	99.9886205976	Tongue	cnt_553152908ac51	motor fMRI task paradigm	trm_550b53d7dd674	457	457	Tongue		FSL5.0		http://neurovault.org/media/images/457/tfMRI_MOTOR_T_zstat1.nii.gz	1183847	3164	statistic_map	False	Z map	fMRI-BOLD	2015-12-23T08:02:40.642533Z	tfMRI MOTOR TONGUE zstat1	False	65.7102752072	26.18728373	http://neurovault.org/media/images/457/transform_4mm_3164.npy	0.0	490.0	http://neurovault.org/media/images/457/glass_brain_3164.jpg		http://neurovault.org/images/3164/	3164
1095		2015-03-19T19:31:51.940522Z	group	99.9886205976	Cue	cnt_55315226076d3	motor fMRI task paradigm	trm_550b53d7dd674	457	457	Cue		FSL5.0		http://neurovault.org/media/images/457/tfMRI_MOTOR_CUE_zstat1.nii.gz	1168682	3154	statistic_map	False	Z map	fMRI-BOLD	2015-12-23T09:14:48.266768Z	tfMRI MOTOR CUE zstat1	False	65.7102752072	26.18728373	http://neurovault.org/media/images/457/transform_4mm_3154.npy	0.0	490.0	http://neurovault.org/media/images/457/glass_brain_3154.jpg		http://neurovault.org/images/3154/	3154
1096		2015-03-19T19:32:46.004023Z	group	99.9886205976	2-back Tool	cnt_55314b1edb310	working memory fMRI task paradigm	trm_550b50095d4a3	457	457	2-back Tool		FSL5.0		http://neurovault.org/media/images/457/tfMRI_WM_2BK_TOOL_zstat1.nii.gz	1183216	3194	statistic_map	False	Z map	fMRI-BOLD	2015-12-23T09:33:43.869224Z	tfMRI WM 2BK TOOL zstat1	False	65.6937678714	26.2228006381	http://neurovault.org/media/images/457/transform_4mm_3194.npy	0.0	492.0	http://neurovault.org/media/images/457/glass_brain_3194.jpg		http://neurovault.org/images/3194/	3194
1100		2015-03-19T19:27:24.051838Z	group	99.9820555577	Story minus Math	cnt_55314a1a5514c	language processing fMRI task paradigm	trm_550b54a8b30f4	457	457	Story minus Math		FSL5.0		http://neurovault.org/media/images/457/tfMRI_LANGUAGE_STORY-MATH_zstat1.nii.gz	1177802	3142	statistic_map	False	Z map	fMRI-BOLD	2015-12-23T05:14:59.877746Z	tfMRI LANGUAGE STORY minus MATH zstat1	False	65.7121585945	26.1880759438	http://neurovault.org/media/images/457/transform_4mm_3142.npy	0.0	481.0	http://neurovault.org/media/images/457/glass_brain_3142.jpg		http://neurovault.org/images/3142/	3142
1101		2015-03-19T19:31:57.008676Z	group	99.9886205976	Left Hand	cnt_55315278ea6cc	motor fMRI task paradigm	trm_550b53d7dd674	457	457	Left Finger (Hand)		FSL5.0		http://neurovault.org/media/images/457/tfMRI_MOTOR_LH_zstat1.nii.gz	1182177	3158	statistic_map	False	Z map	fMRI-BOLD	2015-12-23T11:01:44.371219Z	tfMRI MOTOR LEFT HAND zstat1	False	65.7102752072	26.18728373	http://neurovault.org/media/images/457/transform_4mm_3158.npy	0.0	490.0	http://neurovault.org/media/images/457/glass_brain_3158.jpg		http://neurovault.org/images/3158/	3158
1102		2015-03-19T19:32:00.571533Z	group	99.9886205976	Right Foot	cnt_5531528173117	motor fMRI task paradigm	trm_550b53d7dd674	457	457	Right Toe (Foot)		FSL5.0		http://neurovault.org/media/images/457/tfMRI_MOTOR_RF_zstat1.nii.gz	1181705	3160	statistic_map	False	Z map	fMRI-BOLD	2015-12-23T10:58:57.241531Z	tfMRI MOTOR RIGHT FOOT zstat1	False	65.7102752072	26.18728373	http://neurovault.org/media/images/457/transform_4mm_3160.npy	0.0	490.0	http://neurovault.org/media/images/457/glass_brain_3160.jpg		http://neurovault.org/images/3160/	3160
1103		2015-03-19T19:32:44.785595Z	group	99.9886205976	2-back Place	cnt_55314b12878f7	working memory fMRI task paradigm	trm_550b50095d4a3	457	457	2-back Place		FSL5.0		http://neurovault.org/media/images/457/tfMRI_WM_2BK_PLACE_zstat1.nii.gz	1180786	3193	statistic_map	False	Z map	fMRI-BOLD	2015-12-23T08:50:35.173305Z	tfMRI WM 2BK PLACE zstat1	False	65.6937678714	26.2228006381	http://neurovault.org/media/images/457/transform_4mm_3193.npy	0.0	492.0	http://neurovault.org/media/images/457/glass_brain_3193.jpg		http://neurovault.org/images/3193/	3193
1108		2015-03-19T19:32:24.933663Z	group	99.9820555577	Random Interaction	cnt_553147b362347	social cognition (theory of mind) fMRI task paradigm	trm_550b557e5f90e	457	457	Random Interaction		FSL5.0		http://neurovault.org/media/images/457/tfMRI_SOCIAL_RANDOM_zstat1.nii.gz	1176438	3179	statistic_map	False	Z map	fMRI-BOLD	2015-12-23T09:24:51.037239Z	tfMRI SOCIAL RANDOM zstat1	False	65.7057329202	26.2019059926	http://neurovault.org/media/images/457/transform_4mm_3179.npy	0.0	484.0	http://neurovault.org/media/images/457/glass_brain_3179.jpg		http://neurovault.org/images/3179/	3179
1115		2015-03-19T19:32:19.768325Z	group	99.9820555577	Relational Processing	cnt_553149979dc2e	relational processing fMRI task paradigm	trm_550b5a47aa23e	457	457	Relational Processing		FSL5.0		http://neurovault.org/media/images/457/tfMRI_RELATIONAL_REL_zstat1.nii.gz	1179510	3175	statistic_map	False	Z map	fMRI-BOLD	2015-12-23T10:58:54.123596Z	tfMRI RELATIONAL REL zstat1	False	65.7151498567	26.1816360493	http://neurovault.org/media/images/457/transform_4mm_3175.npy	0.0	479.0	http://neurovault.org/media/images/457/glass_brain_3175.jpg		http://neurovault.org/images/3175/	3175
1116		2015-03-19T19:32:34.157592Z	group	99.9886205976	0-back Face	cnt_55314b49e5c9d	working memory fMRI task paradigm	trm_550b50095d4a3	457	457	0-back Face		FSL5.0		http://neurovault.org/media/images/457/tfMRI_WM_0BK_FACE_zstat1.nii.gz	1184134	3186	statistic_map	False	Z map	fMRI-BOLD	2015-12-23T10:58:58.480751Z	tfMRI WM 0BK FACE zstat1	False	65.6937678714	26.2228006381	http://neurovault.org/media/images/457/transform_4mm_3186.npy	0.0	492.0	http://neurovault.org/media/images/457/glass_brain_3186.jpg		http://neurovault.org/images/3186/	3186
1117		2015-03-19T19:32:42.200789Z	group	99.9886205976	2-back Body	cnt_55314aff55913	working memory fMRI task paradigm	trm_550b50095d4a3	457	457	2-back Body		FSL5.0		http://neurovault.org/media/images/457/tfMRI_WM_2BK_BODY_zstat1.nii.gz	1182681	3191	statistic_map	False	Z map	fMRI-BOLD	2015-12-23T09:45:31.639267Z	tfMRI WM 2BK BODY zstat1	False	65.6937678714	26.2228006381	http://neurovault.org/media/images/457/transform_4mm_3191.npy	0.0	492.0	http://neurovault.org/media/images/457/glass_brain_3191.jpg		http://neurovault.org/images/3191/	3191
1118		2015-03-19T19:32:43.479790Z	group	99.9886205976	2-back Face	cnt_55314b0643005	working memory fMRI task paradigm	trm_550b50095d4a3	457	457	2-back Face		FSL5.0		http://neurovault.org/media/images/457/tfMRI_WM_2BK_FACE_zstat1.nii.gz	1183225	3192	statistic_map	False	Z map	fMRI-BOLD	2015-12-23T10:58:58.639583Z	tfMRI WM 2BK FACE zstat1	False	65.6937678714	26.2228006381	http://neurovault.org/media/images/457/transform_4mm_3192.npy	0.0	492.0	http://neurovault.org/media/images/457/glass_brain_3192.jpg		http://neurovault.org/images/3192/	3192
1119		2015-03-19T19:27:06.903006Z	group	99.9820555577	Faces	cnt_5531474e117df	emotion processing fMRI task paradigm	trm_550b5b066d37b	457	457	Faces		FSL5.0		http://neurovault.org/media/images/457/tfMRI_EMOTION_FACES_zstat1.nii.gz	1182924	3129	statistic_map	False	Z map	fMRI-BOLD	2015-12-23T11:01:41.938300Z	tfMRI EMOTION FACES zstat1	False	65.7106075697	26.191414706	http://neurovault.org/media/images/457/transform_4mm_3129.npy	0.0	481.0	http://neurovault.org/media/images/457/glass_brain_3129.jpg		http://neurovault.org/images/3129/	3129
1120		2015-03-19T19:32:17.283245Z	group	99.9820555577	Matching	cnt_553149868c670	relational processing fMRI task paradigm	trm_550b5a47aa23e	457	457	Matching		FSL5.0		http://neurovault.org/media/images/457/tfMRI_RELATIONAL_MATCH_zstat1.nii.gz	1178855	3173	statistic_map	False	Z map	fMRI-BOLD	2015-12-23T09:30:21.027504Z	tfMRI RELATIONAL MATCH zstat1	False	65.7151498567	26.1816360493	http://neurovault.org/media/images/457/transform_4mm_3173.npy	0.0	479.0	http://neurovault.org/media/images/457/glass_brain_3173.jpg		http://neurovault.org/images/3173/	3173
1121		2015-03-19T19:32:35.379101Z	group	99.9886205976	0-back Place	cnt_55314b56bceed	working memory fMRI task paradigm	trm_550b50095d4a3	457	457	0-back Place		FSL5.0		http://neurovault.org/media/images/457/tfMRI_WM_0BK_PLACE_zstat1.nii.gz	1185051	3187	statistic_map	False	Z map	fMRI-BOLD	2015-12-23T05:42:17.140530Z	tfMRI WM 0BK PLACE zstat1	False	65.6937678714	26.2228006381	http://neurovault.org/media/images/457/transform_4mm_3187.npy	0.0	492.0	http://neurovault.org/media/images/457/glass_brain_3187.jpg		http://neurovault.org/images/3187/	3187
1125		2015-03-19T19:32:26.184987Z	group	99.9820555577	Mental Interaction minus Random Interaction	cnt_55314940f18c6	social cognition (theory of mind) fMRI task paradigm	trm_550b557e5f90e	457	457	Mental Interaction minus Random Interaction		FSL5.0		http://neurovault.org/media/images/457/tfMRI_SOCIAL_TOM-RANDOM_zstat1.nii.gz	1180644	3180	statistic_map	False	Z map	fMRI-BOLD	2015-12-23T06:18:04.890146Z	tfMRI SOCIAL TOM minus RANDOM zstat1	False	65.7057329202	26.2019059926	http://neurovault.org/media/images/457/transform_4mm_3180.npy	0.0	484.0	http://neurovault.org/media/images/457/glass_brain_3180.jpg		http://neurovault.org/images/3180/	3180
1127		2015-04-23T22:13:19.095890Z	group	99.9820555577	Relational Processing minus Matching	cnt_553149bc9f9d1	relational processing fMRI task paradigm	trm_550b5a47aa23e	457	457	Relational Processing minus Matching				http://neurovault.org/media/images/457/tfMRI_RELATIONAL_REL-MATCH.nii_tstat1.nii.gz	1158793	8820	statistic_map	False	T map	fMRI-BOLD	2015-12-23T10:58:21.743435Z	tfMRI RELATIONAL RELATIONAL minus MATCHING	False	65.7151498567	26.1816360493	http://neurovault.org/media/images/457/transform_4mm_8820.npy			http://neurovault.org/media/images/457/glass_brain_8820.jpg		http://neurovault.org/images/8820/	8820
1147		2014-06-04T15:36:16.175477Z	group	92.351728575	scrambled objects	cnt_55399e44106d4	word one-back task	trm_4ebd482eba5b1	46	46	scrambled objects		FSL5.0		http://neurovault.org/media/images/46/task001_cope03_Scrambled%20objects.nii.gz	816958	187	statistic_map	False	T map	fMRI-BOLD	2015-12-23T19:43:09.259940Z	task001_003_Scrambled objects.nii.gz	False	76.6229536166	0.0	http://neurovault.org/media/images/46/transform_4mm_187.npy			http://neurovault.org/media/images/46/glass_brain_187_1.jpg		http://neurovault.org/images/187/	187
1149		2014-06-04T15:36:16.151590Z	group	92.351728575	words	cnt_55399e3b3d13e	word one-back task	trm_4ebd482eba5b1	46	46	words		FSL5.0		http://neurovault.org/media/images/46/task001_cope01_Words.nii.gz	816443	186	statistic_map	False	T map	fMRI-BOLD	2015-12-23T19:43:23.131213Z	task001_001_Words.nii.gz	False	76.6229536166	0.0	http://neurovault.org/media/images/46/transform_4mm_186.npy			http://neurovault.org/media/images/46/glass_brain_186_1.jpg		http://neurovault.org/images/186/	186
1150		2014-06-04T15:36:16.194495Z	group	92.351728575	objects	cnt_55399e5388e65	word one-back task	trm_4ebd482eba5b1	46	46	objects		FSL5.0		http://neurovault.org/media/images/46/task001_cope02_Objects.nii.gz	815718	188	statistic_map	False	T map	fMRI-BOLD	2015-12-23T19:43:55.412828Z	task001_002_Objects.nii.gz	False	76.6229536166	0.0	http://neurovault.org/media/images/46/transform_4mm_188.npy			http://neurovault.org/media/images/46/glass_brain_188_1.jpg		http://neurovault.org/images/188/	188
1152		2014-06-04T15:36:16.237331Z	group	92.351728575	consonant strings	cnt_55399e5ab094d	word one-back task	trm_4ebd482eba5b1	46	46	consonant strings		FSL5.0		http://neurovault.org/media/images/46/task001_cope04_Consonant%20strings.nii.gz	817054	190	statistic_map	False	T map	fMRI-BOLD	2015-12-23T10:05:43.429537Z	task001_004_Consonant strings.nii.gz	False	76.6229536166	0.0	http://neurovault.org/media/images/46/transform_4mm_190.npy			http://neurovault.org/media/images/46/glass_brain_190.jpg		http://neurovault.org/images/190/	190
1199		2014-06-04T15:06:21.108728Z	group	99.9623604382	cash average	cnt_55399f4618e42	balloon analogue risk task (BART)	trm_4d559bcd67c18	39	39	cash average		FSL5.0		http://neurovault.org/media/images/39/task001_cope04_cash_fixed.nii.gz	863094	118	statistic_map	False	T map	fMRI-BOLD	2015-12-23T11:02:17.697022Z	task001 cash average	False	74.6964699783	0.0	http://neurovault.org/media/images/39/transform_4mm_118.npy			http://neurovault.org/media/images/39/glass_brain_118.jpg		http://neurovault.org/images/118/	118
1200		2014-06-04T15:06:21.143934Z	group	99.9623604382	pumps average	cnt_55399f7c60721	balloon analogue risk task (BART)	trm_4d559bcd67c18	39	39	pumps average		FSL5.0		http://neurovault.org/media/images/39/task001_cope01_pumps_fixed.nii.gz	878169	120	statistic_map	False	T map	fMRI-BOLD	2015-12-23T11:02:19.932466Z	task001 pumps average	False	74.6964699783	0.0	http://neurovault.org/media/images/39/transform_4mm_120.npy			http://neurovault.org/media/images/39/glass_brain_120.jpg		http://neurovault.org/images/120/	120
1202		2014-06-04T15:06:21.179220Z		99.9623604382	pumps parametric	cnt_55399f8675b23	balloon analogue risk task (BART)	trm_4d559bcd67c18	39	39	pumps parametric		FSL5.0		http://neurovault.org/media/images/39/task001_cope02_pumps_demean.nii.gz	877288	122	statistic_map	False	T map	fMRI-BOLD	2015-12-23T11:02:20.983133Z	task001 pumps parametric	False	74.6964699783	0.0	http://neurovault.org/media/images/39/transform_4mm_122.npy			http://neurovault.org/media/images/39/glass_brain_122.jpg		http://neurovault.org/images/122/	122
1205		2014-06-04T15:06:21.127598Z	group	99.9623604382	explode average	cnt_55399f9ac9c55	balloon analogue risk task (BART)	trm_4d559bcd67c18	39	39	explode average		FSL5.0		http://neurovault.org/media/images/39/task001_cope07_explode_fixed.nii.gz	877656	119	statistic_map	False	T map	fMRI-BOLD	2015-12-23T11:02:21.780338Z	task001 explode average	False	74.6964699783	0.0	http://neurovault.org/media/images/39/transform_4mm_119.npy			http://neurovault.org/media/images/39/glass_brain_119.jpg		http://neurovault.org/images/119/	119
1207		2014-06-04T15:06:21.038735Z		99.9623604382	pumps average real reaction time	cnt_55399fa95aaee	balloon analogue risk task (BART)	trm_4d559bcd67c18	39	39	pumps average real reaction time		FSL5.0		http://neurovault.org/media/images/39/task001_cope03_pumps_fixed_real_RT.nii.gz	874892	116	statistic_map	False	T map	fMRI-BOLD	2015-12-23T11:02:25.691441Z	task001 pumps average real RT	False	74.6964699783	0.0	http://neurovault.org/media/images/39/transform_4mm_116.npy			http://neurovault.org/media/images/39/glass_brain_116.jpg		http://neurovault.org/images/116/	116
1223		2014-06-04T15:19:16.786560Z	group	98.820918843	positive feedback	cnt_553a68284e225	Probabilistic classification task	trm_4cacf22a22d80	44	44	positive feedback		FSL5.0		http://neurovault.org/media/images/44/task001_cope01_positive%20feedback.nii.gz	870898	173	statistic_map	False	T map	fMRI-BOLD	2015-12-23T19:43:52.504855Z	task001_001_positive feedback.nii.gz	False	74.9854037484	0.0	http://neurovault.org/media/images/44/transform_4mm_173.npy			http://neurovault.org/media/images/44/glass_brain_173_1.jpg		http://neurovault.org/images/173/	173
1224		2014-06-04T15:19:16.766317Z	group	98.820918843	negative feedback	cnt_553a682f464e7	Probabilistic classification task	trm_4cacf22a22d80	44	44	negative feedback		FSL5.0		http://neurovault.org/media/images/44/task001_cope02_negative%20feedback.nii.gz	870987	172	statistic_map	False	T map	fMRI-BOLD	2015-12-23T19:43:53.229653Z	task001_002_negative feedback.nii.gz	False	74.9854037484	0.0	http://neurovault.org/media/images/44/transform_4mm_172.npy			http://neurovault.org/media/images/44/glass_brain_172_1.jpg		http://neurovault.org/images/172/	172
1260		2015-03-06T01:41:03.346532Z	group	98.4861018106	false belief question minus false picture question	cnt_553a689b663ed	false belief task	trm_4f2456027809f	426	426	false belief question - false picture question		FSL5.0		http://neurovault.org/media/images/426/task001_cope008_tstat1.nii.gz	859252	2883	statistic_map	False	T map	fMRI-BOLD	2015-12-23T19:43:51.978837Z	task001 cope008 tstat1	False	75.0701561771	0.0	http://neurovault.org/media/images/426/transform_4mm_2883.npy			http://neurovault.org/media/images/426/glass_brain_2883_1.jpg		http://neurovault.org/images/2883/	2883
1267		2014-06-04T15:14:36.357270Z	group	100.0	single task classification learning trials	cnt_4ebcaa755a7e5	single-task weather prediction 	trm_4ebc728326a13	43	43	single-task classification learning trials		FSL5.0		http://neurovault.org/media/images/43/task002_cope01_single-task%20classification.nii.gz	878224	165	statistic_map	False	T map	fMRI-BOLD	2015-12-23T19:43:54.266570Z	task002_001_single-task classification	False	74.6869422542	0.0	http://neurovault.org/media/images/43/transform_4mm_165.npy			http://neurovault.org/media/images/43/glass_brain_165_1.jpg		http://neurovault.org/images/165/	165
1271		2014-06-04T15:14:36.337483Z	group	100.0	tone counting probe	cnt_54f8cb27bce65	tone counting	trm_4ebc6a6b75ebf	43	43	tone counting probe		FSL5.0		http://neurovault.org/media/images/43/task001_cope02_tone%20counting%20probe.nii.gz	873404	164	statistic_map	False	T map	fMRI-BOLD	2015-12-23T04:31:25.311767Z	task001_002_tone counting probe.nii.gz	False	74.6869422542	0.0	http://neurovault.org/media/images/43/transform_4mm_164.npy			http://neurovault.org/media/images/43/glass_brain_164.jpg		http://neurovault.org/images/164/	164
1273		2014-06-04T15:14:36.226736Z	group	100.0	tone counting trials	cnt_4ebca9e1d3a16	tone counting	trm_4ebc6a6b75ebf	43	43	tone counting trials		FSL5.0		http://neurovault.org/media/images/43/task001_cope01_tone%20counting.nii.gz	877090	159	statistic_map	False	T map	fMRI-BOLD	2015-12-23T10:25:11.851339Z	task001_001_tone counting.nii.gz	False	74.6869422542	0.0	http://neurovault.org/media/images/43/transform_4mm_159.npy			http://neurovault.org/media/images/43/glass_brain_159.jpg		http://neurovault.org/images/159/	159
1274		2014-06-04T15:14:36.374252Z	group	100.0	dual task classification learning trials	cnt_4ebcaa463d20e	dual-task weather prediction	trm_4ebc98cc77e7b	43	43	dual-task classification learning trials		FSL5.0		http://neurovault.org/media/images/43/task003_cope01_dual-task%20classification.nii.gz	879840	166	statistic_map	False	T map	fMRI-BOLD	2015-12-23T11:03:04.564072Z	task003_001_dual-task classification	False	74.6869422542	0.0	http://neurovault.org/media/images/43/transform_4mm_166.npy			http://neurovault.org/media/images/43/glass_brain_166_1.jpg		http://neurovault.org/images/166/	166
1276		2014-06-04T15:14:36.189722Z	group	100.0	dual-task tone counting probe	cnt_4ebcaa52e7dbd	dual-task weather prediction	trm_4ebc98cc77e7b	43	43	dual-task tone counting probe		FSL5.0		http://neurovault.org/media/images/43/task003_cope02_dual-task%20probe.nii.gz	867863	157	statistic_map	False	T map	fMRI-BOLD	2015-12-23T10:58:46.554981Z	task003_002_dual-task_probe.nii.gz	False	74.6869422542	0.0	http://neurovault.org/media/images/43/transform_4mm_157.npy			http://neurovault.org/media/images/43/glass_brain_157.jpg		http://neurovault.org/images/157/	157
1278		2014-08-20T13:17:00.943421Z	group	81.4101505622	video computation	cnt_553e8616191c4	functional localizer fMRI tasks	trm_553e85265f51e	94	94	video computation		Calculation / computation tasks with visual cues: simple arithmetic.		http://neurovault.org/media/images/94/calculation_visual_cue_1.nii.gz	214488	418	statistic_map	False	T map	fMRI-BOLD	2015-12-23T04:34:33.270300Z	Calculation visual cue	False	64.3846764848	0.859185053836	http://neurovault.org/media/images/94/transform_4mm_418.npy		93.0	http://neurovault.org/media/images/94/glass_brain_418_1.jpg		http://neurovault.org/images/418/	418
1279		2014-08-20T13:17:00.723673Z	group	81.4101505622	left video click	cnt_553e86042df77	functional localizer fMRI tasks	trm_553e85265f51e	94	94	left video click		Left button press visual cue		http://neurovault.org/media/images/94/left_button_press_visual_cue_1.nii.gz	211862	401	statistic_map	False	T map	fMRI-BOLD	2015-12-23T04:34:30.613801Z	Left Button Press Visual Cue	False	64.3846764848	0.859185053836	http://neurovault.org/media/images/94/transform_4mm_401.npy		93.0	http://neurovault.org/media/images/94/glass_brain_401_1.jpg		http://neurovault.org/images/401/	401
1280		2014-08-20T13:17:00.908817Z	group	81.4101505622	audio computation	cnt_553e860cb6e0a	functional localizer fMRI tasks	trm_553e85265f51e	94	94	audio computation		Calculation / computation with auditory cue: simple arithmetic task.		http://neurovault.org/media/images/94/calculation_auditory_cue_1.nii.gz	213485	415	statistic_map	False	T map	fMRI-BOLD	2015-12-23T04:34:32.068496Z	Calculation Auditory Cue	False	64.3846764848	0.859185053836	http://neurovault.org/media/images/94/transform_4mm_415.npy		93.0	http://neurovault.org/media/images/94/glass_brain_415_1.jpg		http://neurovault.org/images/415/	415
1283		2014-08-20T13:17:00.956002Z	group	81.4101505622	video sentences	cnt_553e865074ad4	functional localizer fMRI tasks	trm_553e85265f51e	94	94	video sentences		Sentence reading		http://neurovault.org/media/images/94/sentence_reading_1.nii.gz	214293	419	statistic_map	False	T map	fMRI-BOLD	2015-12-23T04:34:24.175070Z	Sentence reading	False	64.3846764848	0.859185053836	http://neurovault.org/media/images/94/transform_4mm_419.npy		93.0	http://neurovault.org/media/images/94/glass_brain_419_1.jpg		http://neurovault.org/images/419/	419
1285		2014-08-20T13:17:00.966876Z	group	81.4101505622	left audio click	cnt_553e85f11747b	functional localizer fMRI tasks	trm_553e85265f51e	94	94	left audio click		Left button press with auditory cue		http://neurovault.org/media/images/94/left_button_press_auditory_cue_1.nii.gz	214325	420	statistic_map	False	T map	fMRI-BOLD	2015-12-23T04:34:23.777001Z	Left Button Press Auditory Cue	False	64.3846764848	0.859185053836	http://neurovault.org/media/images/94/transform_4mm_420.npy		93.0	http://neurovault.org/media/images/94/glass_brain_420_1.jpg		http://neurovault.org/images/420/	420
1287		2014-08-20T13:17:00.872280Z	group	81.4101505622	audio sentences	cnt_553e865d69738	functional localizer fMRI tasks	trm_553e85265f51e	94	94	audio sentences		Sentence listening		http://neurovault.org/media/images/94/sentence_listening_1.nii.gz	214610	412	statistic_map	False	T map	fMRI-BOLD	2015-12-23T04:35:32.596829Z	Sentence listening	False	64.3846764848	0.859185053836	http://neurovault.org/media/images/94/transform_4mm_412.npy		93.0	http://neurovault.org/media/images/94/glass_brain_412_1.jpg		http://neurovault.org/images/412/	412
1289		2014-08-20T13:17:00.653515Z	group	81.4101505622	checkerboard	cnt_553e8672a9f1d	functional localizer fMRI tasks	trm_553e85265f51e	94	94	checkerboard		Visual Checkboard		http://neurovault.org/media/images/94/checkerboard_1.nii.gz	215303	395	statistic_map	False	T map	fMRI-BOLD	2015-12-23T13:34:06.867850Z	Checkerboard	False	64.3846764848	0.859185053836	http://neurovault.org/media/images/94/transform_4mm_395.npy		93.0	http://neurovault.org/media/images/94/glass_brain_395.jpg		http://neurovault.org/images/395/	395
1296		2014-08-20T13:17:00.794989Z	group	81.4101505622	right video click	cnt_553e85fc78496	functional localizer fMRI tasks	trm_553e85265f51e	94	94	right video click		Right button press with a visual cue		http://neurovault.org/media/images/94/right_button_press_visual_cue_1.nii.gz	182519	407	statistic_map	False	T map	fMRI-BOLD	2015-12-23T10:58:24.777773Z	Right Button Press Visual Cue	False	71.2059064807	0.859185053836	http://neurovault.org/media/images/94/transform_4mm_407.npy		93.0	http://neurovault.org/media/images/94/glass_brain_407.jpg		http://neurovault.org/images/407/	407
1298		2014-08-20T13:17:00.638435Z	group	81.4101505622	right audio click	cnt_553e85d4af020	functional localizer fMRI tasks	trm_553e85265f51e	94	94	right audio click		Right button press with an auditory cue		http://neurovault.org/media/images/94/right_button_press_auditory_cue_1.nii.gz	213697	394	statistic_map	False	T map	fMRI-BOLD	2015-12-23T11:03:06.999372Z	Right Button Press Auditory Cue	False	64.3846764848	0.859185053836	http://neurovault.org/media/images/94/transform_4mm_394.npy		93.0	http://neurovault.org/media/images/94/glass_brain_394_1.jpg		http://neurovault.org/images/394/	394
1305		2015-12-30T06:10:14.024208Z		69.1757071162	accuracy of participant minus average accuracy of controls	cnt_4e025d8d96ecf	writing task	trm_4c8a85c5c75eb	1051	1051	Writing task versus Reading task			Fig 5 (D)	http://neurovault.org/media/images/1051/spmT_0016.nii.gz	602416	14172	statistic_map	False	T map	fMRI-BOLD	2016-01-01T05:14:42.821493Z	Writing > Reading	False	69.3261355175	0.854089344006	http://neurovault.org/media/images/1051/transform_4mm_14172.npy			http://neurovault.org/media/images/1051/glass_brain_14172_1.jpg		http://neurovault.org/images/14172/	14172
1306		2015-12-30T06:03:02.692561Z		69.1757071162	Other	Other	writing task	trm_4c8a85c5c75eb	1051	1051	Typing task versus Reading task			Fig 5 (B)	http://neurovault.org/media/images/1051/spmT_0014.nii.gz	604135	14170	statistic_map	False	T map	fMRI-BOLD	2016-01-01T05:12:54.651502Z	Typing > Reading	False	69.3261355175	0.854089344006	http://neurovault.org/media/images/1051/transform_4mm_14170.npy			http://neurovault.org/media/images/1051/glass_brain_14170_1.jpg		http://neurovault.org/images/14170/	14170
1307		2015-12-30T06:16:11.565025Z		69.1757071162	Other	Other	writing task	trm_4c8a85c5c75eb	1051	1051	Typing task versus Wrigint task			S1_Fig	http://neurovault.org/media/images/1051/spmT_0017.nii.gz	608333	14173	statistic_map	False	T map	fMRI-BOLD	2016-01-01T05:15:37.203515Z	Typing > Writing	False	69.3261355175	0.854089344006	http://neurovault.org/media/images/1051/transform_4mm_14173.npy			http://neurovault.org/media/images/1051/glass_brain_14173_1.jpg		http://neurovault.org/images/14173/	14173
1308		2015-12-30T06:23:46.009857Z		69.1757071162	Other	Other	writing task	trm_4c8a85c5c75eb	1051	1051	Typing >Typing-movement contrasut versus  Writing > Writing-movement contrast			Fig 6	http://neurovault.org/media/images/1051/spmT_0022.nii.gz	604212	14174	statistic_map	False	T map	fMRI-BOLD	2016-01-01T05:16:30.059364Z	(Typing >Typing-movement) > (Writing > Writing-movement) contrast	False	69.3261355175	0.854089344006	http://neurovault.org/media/images/1051/transform_4mm_14174.npy			http://neurovault.org/media/images/1051/glass_brain_14174_1.jpg		http://neurovault.org/images/14174/	14174
1309		2015-12-30T05:56:21.196977Z	group	69.1757071162	Other	Other	writing task	trm_4c8a85c5c75eb	1051	1051	Typing task versus Typing-movement task			Fig 5 (A)	http://neurovault.org/media/images/1051/spmT_0013.nii.gz	604672	14169	statistic_map	False	T map	fMRI-BOLD	2016-01-01T05:12:00.350926Z	Typing > Typing-movement	False	69.3261355175	0.854089344006	http://neurovault.org/media/images/1051/transform_4mm_14169.npy			http://neurovault.org/media/images/1051/glass_brain_14169_1.jpg		http://neurovault.org/images/14169/	14169
1310		2015-12-30T06:06:49.273544Z		69.1757071162	Other	Other	writing task	trm_4c8a85c5c75eb	1051	1051	Writing task versus Writing-movement task			Fig 5 (C)	http://neurovault.org/media/images/1051/spmT_0015.nii.gz	608483	14171	statistic_map	False	T map	fMRI-BOLD	2016-01-01T05:13:48.634698Z	Writing > Writing-movement	False	69.3261355175	0.854089344006	http://neurovault.org/media/images/1051/transform_4mm_14171.npy			http://neurovault.org/media/images/1051/glass_brain_14171_1.jpg		http://neurovault.org/images/14171/	14171
1326		2015-04-18T17:03:18.520669Z	group	92.0348559849	reappraise negative rating	cnt_553a6e9a84bd2	emotional regulation task	trm_4da890594742a	425	425	Reapp Neg Rating		FSL5.0		http://neurovault.org/media/images/425/task001_cope09_Reapp_Neg_Rating.nii.gz	804314	8730	statistic_map	False	T map	fMRI-BOLD	2015-12-23T09:33:43.174623Z	task001 cope09 Reapp Neg Rating	False	76.7031637583	0.0	http://neurovault.org/media/images/425/transform_4mm_8730.npy			http://neurovault.org/media/images/425/glass_brain_8730.jpg		http://neurovault.org/images/8730/	8730
1336		2015-03-06T01:30:50.454751Z	group	92.0348559849	attend neutral stimulus	cnt_553a6e7daf8e6	emotional regulation task	trm_4da890594742a	425	425	Look_Neutral_Stim		FSL5.0		http://neurovault.org/media/images/425/task001_cope004_tstat1.nii.gz	812900	2863	statistic_map	False	T map	fMRI-BOLD	2015-12-23T11:03:16.315885Z	task001 cope004 tstat1	False	76.7031637583	0.0	http://neurovault.org/media/images/425/transform_4mm_2863.npy			http://neurovault.org/media/images/425/glass_brain_2863.jpg		http://neurovault.org/images/2863/	2863
1340		2015-04-18T17:03:17.797485Z	group	92.0348559849	attend negative minus attend neutral stimulus	cnt_5679bec3715cd	emotional regulation task	trm_4da890594742a	425	425	Look Neg Stim		FSL5.0		http://neurovault.org/media/images/425/task001_cope05_Look_Neg_Stim.nii.gz	809966	8727	statistic_map	False	T map	fMRI-BOLD	2016-01-01T05:40:42.820741Z	task001 cope05 Look Neg Stim	False	76.7031637583	0.0	http://neurovault.org/media/images/425/transform_4mm_8727.npy			http://neurovault.org/media/images/425/glass_brain_8727.jpg		http://neurovault.org/images/8727/	8727
1349		2015-03-06T01:30:53.392040Z	group	92.0348559849	reappraise negative stimulus minus attend negative stimulus	cnt_553a6ed942692	emotional regulation task	trm_4da890594742a	425	425	Reapp_Neg_Stim_gt_Look_Neg_Stim		FSL5.0		http://neurovault.org/media/images/425/task001_cope024_tstat1.nii.gz	810986	2866	statistic_map	False	T map	fMRI-BOLD	2015-12-23T10:58:40.096769Z	task001 cope024 tstat1	False	76.7031637583	0.0	http://neurovault.org/media/images/425/transform_4mm_2866.npy			http://neurovault.org/media/images/425/glass_brain_2866.jpg		http://neurovault.org/images/2866/	2866
1389		2015-11-18T09:30:51.918937Z		86.6354373735	Average	cnt_553152984f850	motor fMRI task paradigm	trm_550b53d7dd674	953	953			Results of the searchlight analysis. Heatmap colors indicate searchlight decoding performance for the respective seed voxels at group level (all t>3.57; only significant clusters shown (P < 0.05 whole	figure 4	http://neurovault.org/media/images/953/Searchlight_vs_chance_Figure_4_spmT_0001.nii.gz	945817	13576	statistic_map	False	T map	fMRI-BOLD	2015-12-23T11:00:43.294238Z	Searchlight-Analysis	True	49.9353372262	23.9228962818	http://neurovault.org/media/images/953/transform_4mm_13576.npy			http://neurovault.org/media/images/953/glass_brain_13576.jpg		http://neurovault.org/images/13576/	13576
1551		2015-07-20T23:51:13.292903Z	group	77.4735045167	food choice periods of high energy trials versus food choice periods of low energy trials	cnt_55ef440b3f6f2	eating/drinking	trm_4c898c0786246	723	723	Food choice periods of HE trials versus food choice periods of LE trials. 		To determine which brain regions showed differential activation for HE and LE choice periods, the contrast images of HE minus LE choice periods (and vice versa) were entered into one-sample t-test analyses. 	Figure 3	http://neurovault.org/media/images/723/spmT_0001_HEminLE.nii.gz	87745	10924	statistic_map	False	T map	fMRI-BOLD	2015-12-23T08:02:02.341206Z	HE vs LE food choice periods	False	66.2745098039	1.05377906977	http://neurovault.org/media/images/723/transform_4mm_10924.npy			http://neurovault.org/media/images/723/glass_brain_10924.jpg		http://neurovault.org/images/10924/	10924
1552		2015-09-15T09:38:25.555983Z		77.4735045167	Other	Other	Single item food choice task	trm_55c686e0824e8	723	723	LE food choice periods vs baseline				http://neurovault.org/media/images/723/spmT_0001_1.nii.gz	87426	11983	statistic_map	False	T map	fMRI-BOLD	2015-12-23T16:22:31.410882Z	LE food choice periods vs baseline	False	66.2745098039	1.05377906977	http://neurovault.org/media/images/723/transform_4mm_11983.npy			http://neurovault.org/media/images/723/glass_brain_11983.jpg		http://neurovault.org/images/11983/	11983
1553		2015-09-15T09:37:16.093776Z		77.4735045167	Other	Other	Single item food choice task	trm_55c686e0824e8	723	723	HE food choice periods vs baseline				http://neurovault.org/media/images/723/spmT_0001.nii.gz	87470	11982	statistic_map	False	T map	fMRI-BOLD	2015-12-23T16:41:46.397687Z	HE food choice periods vs baseline	False	66.2745098039	1.05377906977	http://neurovault.org/media/images/723/transform_4mm_11982.npy			http://neurovault.org/media/images/723/glass_brain_11982.jpg		http://neurovault.org/images/11982/	11982
1570		2015-10-26T21:31:39.267619Z	group	99.9982493227	None / Other	None	None / Other	None	917	917			Gray-matter probability quantiles, indexed by integers 05 (increasing with gray-matter probability). Quantiles were derived from the ICBM Tissue Probabilistic Atlases, using images distributed with the SPM software package. The quantiles were used to structure spatial-randomization-based permutation tests, which assessed statistical significance for single-sample meta-analyses. 	Figure 2B	http://neurovault.org/media/images/917/I_POS_kda10_testStat_mean_cMass_gmQuantiles.nii.gz	74074	13344	statistic_map	False	parcellation	Structural MRI	2015-12-23T20:43:58.563439Z	Gray-matter probability quantiles	False	62.4835896033	32.5292203382	http://neurovault.org/media/images/917/transform_4mm_13344.npy					http://neurovault.org/images/13344/	13344
1574		2015-10-26T23:01:45.072999Z	meta-analysis	0.421475558357	None / Other	None	None / Other	None	917	917			FSL4.1	Figure 9	http://neurovault.org/media/images/917/binConjunc_PvNxDECxRECxMONxPRI.nii.gz	4273	13409	statistic_map	True	ROI/mask	fMRI-BOLD	2015-12-23T20:19:11.230258Z	binConjunc PvNxDECxRECxMONxPRI	False	99.8930900736	0.20725388601	http://neurovault.org/media/images/917/transform_4mm_13409.npy			http://neurovault.org/media/images/917/glass_brain_13409.jpg		http://neurovault.org/images/13409/	13409
